token,doc_ids,freq
checksix,2315357|2315559|2316219|2316457|2316465|2316952|2320009|2320119|2320195|2315328|2316455|2316791|2316979|2318860|2318974|2320753|2315829|2316158|2318858|2319329|2321196|2315483|2315547|2316811|2317097|2319115|2319790|2320223|2320461,29
flow,2327729|2327944|2328703|2329800|2330146|2330199|2327006|2327080|2327809|2327945|2328941|2328994|2329606|2329773|2330194|2326807|2327895|2328015|2328663|2328988|2328992|2326823|2327079|2328029|2328350|2328552|2328628|2328962|2329963,29
good,2315549|2315943|2316221|2316338|2326483|2333684|2333859|2315259|2315392|2315877|2316922|2326490|2334449|2337877|2316157|2316715|2316851|2316873|2316977|2317097|2326485|2333676|2333993|2335019|2315201|2315523|2326689|2333795|2334744,29
grind,2324517|2324518|2324524|2324526|2324575|2325205|2325529|2326054|2326256|2326494|2326603|2323823|2324576|2326257|2326493|2324719|2325008|2325045|2325480|2326053|2326604|2324330|2325047|2325071|2325206|2325482|2325691|2325692|2325995,29
hop,2310363|2310468|2310482|2310576|2310826|2311056|2311314|2331006|2331315|2331829|2309646|2309690|2310139|2310456|2310469|2310641|2311194|2331354|2310138|2310577|2310642|2311319|2331169|2331604|2310364|2311272|2331797|2331999|2332341,29
se7en,2334069|2334243|2335253|2336142|2336167|2336498|2337009|2339216|2339415|2334204|2335255|2335307|2335948|2335994|2335216|2335251|2335264|2335323|2335907|2336025|2336144|2336608|2336612|2336963|2339062|2339534|2335798|2336100|2336556,29
seal,2317497|2318025|2319075|2319636|2320829|2321015|2316545|2317540|2319727|2319768|2320090|2320163|2320177|2320314|2316351|2317134|2317158|2319123|2319713|2319717|2319808|2320271|2320664|2316763|2317686|2317702|2318010|2318076|2320179,29
unknown,2325506|2326071|2326079|2327227|2329697|2330303|2330620|2330865|2330880|2326083|2326558|2329806|2330194|2331159|2326154|2326660|2327313|2330787|2325042|2325631|2325956|2326073|2326156|2326574|2326942|2330198|2330316|2330332|2330845,29
weplaygames,2331279|2331907|2332219|2332597|2332920|2329548|2329929|2331437|2332119|2332246|2330986|2331855|2332174|2332237|2332705|2332889|2333075|2333253|2327410|2328404|2329356|2329833|2331505|2331972|2332112|2333307|2333309|2333453|2333515,29
archangels,2303290|2303712|2304534|2305102|2305929|2306202|2303177|2303718|2303746|2303749|2303863|2304805|2305322|2305853|2303651|2303964|2305551|2306110|2303140|2303379|2303733|2304308|2304317|2305143|2305157|2305321|2305629|2305839,28
boom,2320405|2321250|2325570|2327552|2329869|2329937|2332021|2332027|2332525|2337491|2337503|2337508|2339999|2340000|2314583|2328018|2337496|2339969|2314873|2317979|2325573|2326897|2327556|2337484|2332520|2332527|2339896|2339964,28
codewise,2319075|2319126|2319758|2320808|2328532|2329535|2331341|2331368|2331899|2318367|2319413|2319771|2328852|2330579|2331370|2318369|2320029|2320931|2324139|2324523|2328445|2328454|2330657|2330878|2331372|2331989|2331997|2333605,28
dynasty,2304813|2325490|2325688|2325884|2325911|2325998|2328494|2315454|2325883|2326441|2326921|2326966|2327340|2327562|2314580|2325069|2325199|2325202|2325491|2325687|2328357|2328495|2325051|2325686|2325946|2325995|2326440|2331088,28
formidable,2326967|2327024|2328272|2328295|2328656|2339129|2339311|2339658|2339770|2339789|2339953|2340250|2327560|2328361|2339022|2339294|2339434|2324907|2328593|2339079|2339132|2340210|2327341|2327957|2328590|2339080|2339234|2339372,28
frostfire,2327549|2327860|2327864|2329946|2329949|2336836|2337494|2337507|2327422|2327872|2327969|2328946|2329892|2332269|2332275|2327545|2328991|2329889|2333314|2325362|2327547|2327876|2329895|2329948|2331842|2337489|2337499|2337511,28
fundamentals,2329379|2330659|2330739|2331113|2332419|2332569|2325212|2326123|2330328|2330563|2330794|2331450|2331560|2330330|2330526|2331240|2331290|2325502|2329540|2329553|2329659|2329703|2330390|2331009|2331163|2331181|2331624|2332474,28
fury,2336420|2336488|2336490|2340253|2311474|2311550|2311799|2312000|2312001|2312698|2336485|2339436|2339689|2339771|2339887|2311633|2312306|2335968|2339067|2339235|2339348|2339833|2339976|2311446|2312042|2338931|2339150|2339370,28
lfao,2316219|2316220|2316877|2316886|2316993|2317129|2319114|2319322|2319424|2315833|2315855|2316716|2316854|2318737|2318860|2319704|2315478|2315871|2316883|2316888|2318930|2319653|2319797|2320011|2316388|2316715|2319113|2319778,28
malvinas,2323527|2325198|2326812|2334966|2335744|2335997|2313309|2313786|2314197|2325246|2334528|2334572|2335690|2335805|2336832|2337160|2337204|2325075|2329008|2333606|2335854|2325244|2325447|2326688|2333582|2334631|2335745|2337086,28
massiveimpact,2330663|2331105|2331181|2331355|2331483|2331727|2330394|2330475|2330738|2330867|2331568|2331626|2331869|2333046|2330450|2330590|2330667|2331286|2331580|2331645|2331720|2333266|2330927|2331110|2331782|2331865|2332892|2332964,28
roar,2320976|2321979|2322827|2323283|2325479|2325484|2321448|2322598|2322604|2323016|2323286|2321098|2321131|2321134|2321295|2321640|2322172|2322618|2323273|2324047|2324673|2321003|2321141|2321449|2322339|2323008|2323633|2323992,28
team,2307999|2308137|2308213|2308400|2308560|2308675|2336900|2337071|2337073|2337076|2337082|2337182|2337341|2331193|2337185|2337710|2337744|2300921|2300921|2308109|2337078|2337081|2337186|2337189|2337730|2337072|2337188|2337338,28
demise,2318590|2336374|2336603|2337206|2337609|2337655|2337686|2336384|2336428|2336500|2336971|2337300|2337636|2337657|2337822|2337866|2337889|2302554|2318574|2336643|2302564|2319184|2336863|2336869|2336876|2337021|2337873,27
devils,2331320|2331547|2331897|2332001|2332296|2332377|2332731|2331140|2331253|2331545|2331994|2332043|2332291|2332294|2332724|2332830|2331168|2331169|2331333|2331503|2331702|2332409|2331155|2332003|2332050|2332125|2332793,27
district,2312344|2312476|2313081|2314187|2314213|2336775|2340298|2340305|2340318|2340320|2312631|2312670|2312947|2313152|2313621|2340303|2312045|2312101|2313088|2336767|2340276|2312779|2312817|2312938|2313533|2340034|2340130,27
karnal,2302241|2302673|2302688|2303013|2304984|2300498|2301050|2301335|2303583|2304832|2304945|2301084|2302263|2303601|2305700|2305713|2305774|2305939|2306072|2300500|2301829|2302202|2305235|2305733|2305966|2301063|2301316,27
kliktech,2312751|2312789|2312876|2314707|2314712|2314952|2315313|2316200|2316345|2322391|2312783|2313774|2314713|2315318|2315325|2317580|2312730|2313125|2315275|2315310|2317435|2317748|2312755|2315590|2315785|2316598|2322395,27
millenium,2302481|2302679|2302786|2303204|2303649|2303741|2300601|2301711|2301788|2303264|2303696|2303915|2304332|2306423|2301729|2301785|2303347|2303751|2306206|2301769|2301755|2301816|2303320|2303713|2303743|2306393|2300598,27
nspr,2312889|2312895|2312899|2312906|2313586|2314146|2314868|2318510|2318517|2318721|2312702|2312898|2312907|2312913|2318345|2318347|2318500|2318518|2312217|2313330|2314635|2315203|2316830|2318503|2314463|2318154|2318497,27
raccoons,2312263|2312449|2312725|2313750|2312017|2312094|2312249|2312253|2312256|2312880|2312960|2313146|2313716|2313722|2312019|2312123|2312272|2312324|2312641|2313141|2314207|2311976|2312267|2312643|2312762|2313149|2314206,27
risky,2302511|2306142|2306510|2306516|2307596|2308127|2309971|2300501|2301309|2302101|2304988|2305858|2306199|2306645|2306807|2307003|2307014|2304946|2306506|2309956|2300497|2300500|2302508|2302514|2304992|2306519|2306795,27
rush3d,2307275|2307421|2307625|2307912|2307947|2308501|2308676|2308839|2308861|2309457|2307278|2308632|2308746|2309471|2309709|2307281|2307624|2307632|2307640|2307797|2307885|2308502|2308841|2309623|2309808|2307507|2307843,27
secret,2302936|2303105|2303238|2338471|2338888|2302597|2309789|2338228|2339174|2339268|2339326|2339514|2301729|2301768|2302516|2303241|2303530|2303532|2338913|2301758|2301776|2303341|2338132|2338892|2339180|2339490|2301710,27
1337huania,2315512|2317008|2317974|2315333|2315446|2315713|2316306|2316604|2316932|2322652|2315524|2315728|2315801|2315812|2315815|2316305|2316901|2316992|2317977|2323511|2329735|2315334|2315335|2315774|2315929|2316342,26
ares,2314090|2314164|2314964|2314973|2315537|2315714|2316735|2316742|2317159|2314733|2314734|2316819|2317185|2323511|2314111|2314963|2316737|2316741|2314520|2314613|2314623|2314639|2314972|2316736|2316738|2323477,26
empire,2302477|2303003|2300995|2301352|2301355|2301787|2301964|2302448|2302450|2303022|2303028|2301038|2301217|2301224|2301230|2301695|2302437|2302464|2301566|2301920|2301949|2302041|2301226|2301513|2301546|2301754,26
goldengitte,2318568|2318641|2318648|2319315|2320673|2320696|2320829|2328039|2328853|2332721|2333209|2328531|2329699|2318566|2321213|2321229|2328563|2329534|2332728|2318649|2320661|2320891|2320958|2332109|2332789|2333195,26
quetzal,2305994|2307357|2307834|2308213|2308785|2305982|2308216|2308218|2308329|2300958|2305979|2305992|2306705|2307957|2308365|2308579|2308634|2308969|2302056|2306064|2307331|2307346|2307851|2307874|2308409|2301036,26
rewound,2333218|2334795|2336522|2336701|2333492|2333650|2333653|2333823|2333830|2333832|2333896|2334017|2334254|2336244|2336700|2333436|2334012|2334160|2334208|2335330|2336524|2332932|2333217|2333828|2336242|2336346,26
utm,2308801|2309476|2309851|2311552|2313222|2314156|2314689|2316162|2308818|2308830|2309123|2309535|2314062|2309926|2316172|2318505|2308794|2308807|2308813|2308822|2308826|2308900|2309221|2314686|2318499|2318504,26
velocity,2324706|2327279|2328147|2328333|2328338|2329656|2324641|2324710|2324875|2327157|2327159|2327274|2327751|2328509|2328838|2328908|2325862|2326817|2328904|2329704|2324063|2324064|2326738|2328513|2328829|2328833,26
ben,2307999|2308137|2308213|2308400|2308560|2308675|2336900|2337071|2337073|2337076|2337082|2337182|2337341|2337185|2337710|2337744|2308109|2337078|2337081|2337186|2337189|2337730|2337072|2337188|2337338,25
cantwinalan,2327156|2327755|2327761|2328149|2328509|2328588|2329069|2329126|2328334|2328912|2329695|2326930|2326963|2327275|2328512|2328900|2329746|2329766|2326741|2327949|2328835|2328839|2328913|2329295|2329761,25
excelerate,2326305|2326775|2327276|2327953|2328366|2328682|2325376|2325446|2326949|2327851|2327948|2328587|2328760|2328987|2325366|2325906|2326959|2326962|2327756|2328837|2328840|2325400|2326301|2328512|2328829,25
fierce,2322615|2322825|2338611|2322595|2323016|2329142|2332448|2334786|2334848|2335079|2338644|2322916|2322952|2322959|2332147|2332424|2333018|2334888|2335057|2338352|2338637|2322336|2322601|2338474|2338669,25
just,2307402|2335091|2336234|2336900|2337053|2337618|2337644|2338436|2335018|2335046|2335112|2337335|2337339|2337523|2337616|2337621|2338458|2334742|2334870|2335035|2336888|2337408|2337522|2337647|2336235,25
kova,2333814|2334383|2334415|2335139|2335285|2335505|2338998|2339325|2339910|2335183|2338873|2339784|2335140|2335230|2338476|2339684|2339853|2340163|2334180|2337726|2338887|2338892|2339077|2339336|2339725,25
no,2318887|2319331|2319424|2319794|2320195|2320776|2318748|2319326|2319425|2321026|2319656|2319795|2319827|2321617|2327032|2305894|2310988|2318735|2318843|2319321|2319789|2319792|2320564|2321440|2326730,25
sensei,2309462|2310219|2310433|2310482|2310617|2310828|2311114|2309360|2309460|2309690|2310305|2310434|2310579|2310588|2310873|2310874|2310989|2311049|2309909|2310281|2310824|2309718|2310304|2310509|2310616,25
variance,2332890|2333300|2333844|2334431|2332420|2332451|2332475|2332737|2333068|2333593|2333750|2333969|2334323|2334454|2334462|2332893|2333603|2334163|2334235|2335314|2332144|2333082|2333413|2333751|2333998,25
winside,2322758|2323289|2323621|2325232|2325626|2325822|2325960|2326350|2327036|2323109|2325177|2325176|2325183|2325231|2325534|2325592|2325669|2325768|2325769|2325900|2326596|2322488|2325644|2325792|2326340,25
wysix,2310409|2311732|2311733|2312005|2312186|2313095|2313098|2313102|2311547|2311848|2312750|2312788|2312846|2313109|2311801|2311999|2312785|2312932|2312933|2313111|2309578|2309903|2312728|2312755|2312858,25
adaptation,2313725|2315326|2315560|2315853|2316153|2316885|2312580|2313706|2315772|2318031|2316458|2316467|2316607|2316811|2316873|2313609|2313618|2313763|2315258|2315555|2316212|2316976|2317392|2317514,24
bluejays,2334092|2334150|2334781|2334807|2335097|2335994|2337838|2334201|2334475|2334655|2334668|2334760|2335054|2334159|2334775|2335107|2335897|2337629|2338079|2334441|2334676|2335082|2336016|2336145,24
efuture,2303554|2308387|2309012|2309358|2309550|2309739|2309762|2308480|2308759|2309015|2309460|2308760|2309192|2309719|2309778|2309896|2303617|2306143|2308173|2308333|2308483|2308487|2308597|2309171,24
ignis,2336418|2324445|2326881|2329100|2329107|2331884|2332016|2332032|2332037|2333707|2333710|2339924|2331919|2331931|2332518|2333704|2336079|2327555|2327965|2327968|2327975|2332523|2333701|2334803,24
lgr,2303179|2303238|2303499|2303531|2303744|2303774|2304400|2304525|2304869|2303696|2303718|2303742|2303933|2304526|2303165|2303532|2303564|2303621|2303648|2304391|2303719|2303825|2303891|2304729,24
manatee,2308886|2309131|2309182|2309312|2309347|2309364|2309479|2310626|2309027|2309305|2309316|2309478|2309727|2309216|2309294|2309384|2309975|2311386|2308894|2309002|2309356|2309640|2309923|2310050,24
pioneers,2323721|2323918|2324104|2324149|2324163|2324194|2324366|2322469|2323067|2323346|2324209|2335317|2323339|2323738|2323742|2324018|2324436|2335268|2322466|2323603|2323605|2323750|2323824|2324140,24
plink,2324171|2324657|2324658|2325496|2325721|2323864|2324439|2324660|2324696|2325593|2325767|2326116|2324428|2324638|2324639|2324950|2324981|2325630|2325701|2326031|2324039|2324087|2325029|2325107,24
refuse,2304977|2321441|2321656|2301274|2313174|2313253|2313428|2313476|2313505|2313538|2318221|2320111|2301483|2305106|2318247|2319007|2319264|2319638|2301267|2304731|2319047|2319184|2319652|2320029,24
station7,2339181|2339422|2339698|2340461|2340009|2340018|2340019|2340131|2339285|2339424|2339556|2339987|2340013|2340036|2340239|2339280|2339761|2339816|2339990|2340033|2340241|2340296|2340315|2340434,24
swing,2335091|2336234|2336900|2337053|2337618|2337644|2338436|2335018|2335046|2335112|2337335|2337339|2337523|2337616|2337621|2338458|2334742|2334870|2335035|2336888|2337408|2337522|2337647|2336235,24
takers,2327954|2328839|2326026|2326039|2326736|2327281|2327850|2328040|2328337|2328507|2328557|2328587|2328651|2328787|2328908|2326739|2327759|2328398|2328559|2329571|2329575|2326991|2329561|2329578,24
test,2327954|2328839|2326026|2326039|2326736|2327281|2327850|2328040|2328337|2328507|2328557|2328587|2328651|2328787|2328908|2326739|2327759|2328398|2328559|2329571|2329575|2326991|2329561|2329578,24
brute,2328717|2335886|2338594|2324085|2329004|2329852|2337721|2338334|2338361|2338708|2338763|2338766|2327736|2329002|2333889|2335833|2337745|2338538|2338760|2339195|2339202|2329028|2330577,23
enigma6,2307860|2308212|2308223|2308224|2308404|2308581|2309443|2310676|2310833|2308017|2308221|2308364|2308843|2310831|2307846|2308109|2309446|2309448|2310683|2308194|2308577|2308781|2308933,23
forcebuy,2310277|2311112|2311747|2312043|2313098|2313100|2313299|2316006|2310899|2311110|2311758|2313096|2314090|2314610|2314644|2316214|2310845|2311749|2312051|2310084|2310184|2310918|2314628,23
friendlyfire,2324060|2324092|2324497|2324701|2324857|2324898|2325784|2322995|2323304|2323336|2323480|2324859|2325577|2324034|2324787|2325115|2325825|2322860|2323499|2324356|2324702|2324943|2325509,23
rooster,2333910|2339748|2340149|2333784|2333891|2333926|2340141|2340444|2332881|2333433|2333698|2333914|2339875|2339884|2339940|2340192|2340203|2340324|2333030|2333217|2334111|2339832|2339974,23
bx3,2305959|2313622|2313727|2315642|2316787|2305723|2314310|2314739|2314918|2314658|2317827|2302564|2305894|2305964|2314524|2314905|2315229|2315736|2317495|2317563|2317824|2301686,22
core,2313010|2315326|2315549|2315873|2315331|2315876|2316484|2316887|2317227|2313356|2315556|2316388|2316617|2316855|2313618|2315485|2315770|2316457|2316466|2316884|2316993|2317318,22
evolution,2310886|2310967|2311058|2311155|2311280|2323577|2326941|2311292|2311293|2311742|2323746|2324499|2324955|2325220|2325235|2326129|2326596|2310854|2311275|2323255|2323856|2323925,22
frenchfrogs,2333168|2333268|2333298|2333568|2333848|2333941|2334085|2334094|2334212|2334283|2334560|2333877|2333007|2333738|2333901|2333053|2333054|2333163|2333171|2333176|2333786|2333875,22
friends,2312131|2312286|2312751|2312790|2312923|2312935|2313100|2313101|2304678|2312788|2313096|2313134|2313237|2304695|2312133|2312594|2312924|2313166|2313233|2312579|2312966|2313099,22
gameplaydna,2309922|2310141|2310179|2311821|2313443|2308772|2309471|2309961|2310208|2311249|2311312|2313259|2313438|2313538|2311347|2313446|2308860|2309849|2310050|2311323|2311824|2313003,22
junior,2337095|2337303|2338006|2338891|2339117|2339168|2336939|2338161|2339089|2339125|2337325|2338722|2339308|2339690|2337642|2338016|2338689|2338716|2338945|2338984|2339110|2339796,22
log,2310856|2311587|2311589|2312125|2312314|2312681|2307639|2308772|2311953|2312439|2312440|2312528|2312616|2308485|2308669|2310966|2311591|2334146|2334771|2310891|2311995|2312617,22
na,2337095|2337303|2338006|2338891|2339117|2339168|2336939|2338161|2339089|2339125|2337325|2338722|2339308|2339690|2337642|2338016|2338689|2338716|2338945|2338984|2339110|2339796,22
nobo,2322931|2323352|2324061|2322893|2323329|2323482|2323498|2323655|2324002|2324035|2324343|2323517|2323866|2323888|2324007|2324295|2324318|2324322|2322936|2323332|2323708|2324031,22
vi,2337095|2337303|2338006|2338891|2339117|2339168|2336939|2338161|2339089|2339125|2337325|2338722|2339308|2339690|2337642|2338016|2338689|2338716|2338945|2338984|2339110|2339796,22
9z,2332852|2333990|2334472|2335685|2338685|2333584|2334528|2335364|2335682|2337160|2337289|2338697|2333511|2334005|2335712|2337085|2333936|2334089|2334564|2334577|2334631,21
ace,2332877|2332991|2333801|2334226|2334744|2326955|2333422|2333819|2334230|2318690|2328575|2332170|2332894|2333085|2333415|2339481|2325542|2333086|2333303|2333545|2334233,21
airborne,2338931|2339122|2339309|2339788|2339828|2339870|2340443|2339149|2340209|2340430|2338952|2338957|2338275|2338948|2339083|2339137|2339234|2339292|2339429|2339435|2339977,21
ajax,2307996|2308102|2308134|2308573|2308589|2308591|2311763|2312119|2312958|2308783|2312036|2312593|2312691|2307832|2307846|2307997|2308200|2311491|2311612|2312885|2312989,21
bizarre,2335449|2335466|2335865|2335913|2335956|2336523|2336652|2337348|2335252|2336223|2336243|2336700|2339022|2335477|2337234|2337564|2335337|2336457|2336850|2339059|2339088,21
d13,2336253|2336293|2337194|2337233|2327866|2337221|2337232|2338328|2330131|2331883|2331930|2332900|2334362|2336835|2339981|2327855|2330117|2333701|2334481|2338395|2338399,21
demolition,2339646|2339728|2339842|2340333|2339258|2339323|2339329|2339630|2339638|2339319|2339664|2339694|2339794|2339850|2339863|2339215|2339403|2339778|2339779|2340217|2340260,21
morior,2315479|2315875|2316218|2316832|2316954|2310231|2310858|2310888|2315261|2315551|2315558|2315872|2316392|2310337|2310454|2312199|2315945|2316340|2316607|2316617|2317130,21
noxide,2312257|2312264|2312271|2313142|2316559|2312248|2313146|2313717|2316114|2317341|2317368|2312252|2312260|2312267|2313724|2316322|2316629|2316845|2316878|2316980|2316986,21
zarlans,2306265|2306603|2307251|2307421|2308106|2310497|2310857|2306585|2307276|2304944|2306380|2307271|2307403|2307509|2307632|2307940|2311057|2307588|2307670|2307830|2310891,21
acg,2309195|2309347|2309359|2309462|2309470|2310049|2309141|2309197|2309461|2309911|2309932|2310261|2309455|2309623|2308999|2309011|2309171|2309515|2310142|2310259,20
alliance,2301946|2301970|2313763|2314141|2314190|2310769|2314133|2314196|2301234|2301830|2301940|2310777|2300343|2300959|2301434|2301700|2301791|2301939|2310706|2315944,20
blitzkrieg,2333420|2333592|2333963|2334226|2332419|2332451|2333923|2334234|2333204|2333205|2333335|2334077|2334135|2334309|2332217|2332311|2333080|2333302|2333843|2333998,20
boys,2333083|2333811|2332170|2332893|2332969|2333012|2333042|2333335|2333546|2332188|2332190|2332924|2333038|2333337|2333411|2333545|2333799|2332553|2333601|2333820,20
chris,2333083|2333811|2332170|2332893|2332969|2333012|2333042|2333335|2333546|2332188|2332190|2332924|2333038|2333337|2333411|2333545|2333799|2332553|2333601|2333820,20
cypher,2308059|2308285|2308286|2308389|2307609|2308064|2308253|2308265|2308276|2308388|2308069|2308271|2308282|2307602|2307608|2308254|2308266|2308272|2308275|2308281,20
excel,2312421|2313917|2317141|2317309|2312446|2315908|2316272|2316544|2316823|2317386|2317692|2312416|2316829|2312411|2312431|2312432|2315659|2315667|2315674|2316356,20
guerrilla,2312336|2319323|2325345|2325653|2312115|2311815|2311844|2311931|2312200|2312668|2312671|2312885|2325420|2311651|2312341|2312585|2312815|2312946|2312957|2325984,20
gux,2312131|2312286|2312751|2312790|2312923|2312935|2313100|2313101|2312788|2313096|2313134|2313237|2312133|2312594|2312924|2313166|2313233|2312579|2312966|2313099,20
hegemonyperson,2308246|2309032|2309906|2309969|2310020|2310137|2310505|2309970|2310134|2310235|2310288|2310323|2310345|2310417|2310662|2307477|2309929|2310462|2310477|2310600,20
incept,2311817|2339068|2339748|2339789|2339954|2339347|2340436|2304691|2338979|2339209|2339436|2339657|2340210|2340251|2305818|2311813|2339128|2339137|2339328|2339774,20
inflames,2332920|2333071|2333452|2333514|2334088|2332885|2333401|2333667|2333855|2333127|2333308|2333933|2334129|2332916|2333072|2333805|2333981|2334089|2334279|2334477,20
knights,2320097|2331171|2331194|2331767|2332020|2332852|2333557|2319345|2320100|2331769|2332113|2333153|2332011|2332013|2333305|2319344|2319800|2320091|2331088|2332861,20
noreg,2319710|2320184|2320874|2321556|2322207|2322498|2319627|2320205|2320244|2320454|2320506|2322351|2319709|2321237|2322295|2322536|2320335|2321503|2322576|2322699,20
stars,2337929|2338018|2338171|2338561|2338807|2338125|2338150|2338328|2338470|2338524|2338812|2338339|2338802|2340145|2337918|2338147|2338520|2338533|2338544|2338810,20
sydney,2308258|2308277|2308284|2308390|2308063|2308253|2308270|2308278|2308283|2308289|2308290|2307603|2307607|2308061|2308068|2308391|2307612|2308254|2308257|2308269,20
tactics,2312336|2319323|2325345|2325653|2312115|2311815|2311844|2311931|2312200|2312668|2312671|2312885|2325420|2311651|2312341|2312585|2312815|2312946|2312957|2325984,20
100,2337379|2337458|2339104|2339378|2337450|2337460|2337462|2338059|2338064|2339388|2339392|2339396|2339398|2337378|2337454|2339106|2337376|2338040|2338052,19
agf,2337947|2338257|2339692|2334507|2338074|2338381|2339265|2326544|2326575|2334917|2338156|2338209|2338385|2339115|2339121|2332801|2333195|2338452|2339714,19
allgamers,2302122|2303635|2303658|2303737|2304371|2304989|2305288|2310813|2303634|2303780|2304348|2305242|2305628|2301833|2301854|2301954|2304365|2305019|2305735,19
august,2336838|2337858|2337872|2338806|2336547|2337525|2337676|2337820|2338804|2339084|2339089|2336254|2336353|2336835|2337649|2336529|2337886|2338810|2338984,19
entourage,2322625|2323171|2323379|2324162|2323209|2323911|2324014|2324071|2324150|2324187|2324373|2318008|2322588|2323552|2323876|2324066|2324370|2323820|2324210,19
extremum,2334181|2338097|2338700|2339087|2339166|2339300|2334064|2335302|2338711|2338940|2338991|2338015|2339127|2337771|2338012|2338073|2338712|2338713|2339411,19
funkd,2312300|2312881|2313282|2315093|2315647|2312032|2313119|2315570|2315744|2312221|2312665|2315082|2315280|2311781|2311820|2312806|2312818|2312965|2315086,19
gaming,2302685|2302744|2302781|2302946|2316963|2302708|2302902|2302951|2316233|2317848|2318288|2321937|2322057|2324225|2302905|2302723|2302908|2317551|2324229,19
hreds,2335139|2335505|2337881|2337910|2335229|2337049|2337292|2337768|2336262|2336464|2338883|2339682|2339720|2339783|2339853|2335168|2336379|2337150|2337725,19
inetkoxtv,2303374|2304885|2305102|2305318|2306003|2306991|2310883|2302967|2303087|2303174|2304701|2310594|2303093|2304787|2305298|2306422|2306530|2306594|2310881,19
kkona,2301908|2302287|2302409|2302226|2302256|2302257|2301444|2301538|2301940|2301945|2302286|2301537|2301700|2301909|2301796|2301944|2302055|2302227|2302410,19
lightning,2307291|2307849|2308129|2315544|2315553|2315559|2307037|2307559|2307914|2315557|2315876|2315950|2307046|2307287|2307863|2307992|2308195|2315880|2316303,19
muffin,2307291|2307849|2308129|2315544|2315553|2315559|2307037|2307559|2307914|2315557|2315876|2315950|2307046|2307287|2307863|2307992|2308195|2315880|2316303,19
polar,2332877|2332991|2333801|2334226|2334744|2326955|2333422|2333819|2334230|2328575|2332170|2332894|2333085|2333415|2339481|2333086|2333303|2333545|2334233,19
really,2323572|2324547|2336915|2324311|2324217|2324707|2324881|2324914|2336912|2336917|2323602|2323604|2323605|2323825|2323915|2324016|2324546|2324885|2324910,19
revolution,2337467|2337823|2337874|2327872|2328948|2329876|2329892|2335703|2336821|2337465|2337471|2338850|2327859|2329894|2329886|2335693|2335714|2338846|2301215,19
thieves,2337379|2337458|2339104|2339378|2337450|2337460|2337462|2338059|2338064|2339388|2339392|2339396|2339398|2337378|2337454|2339106|2337376|2338040|2338052,19
ttfu,2310277|2310361|2310592|2311314|2311317|2310829|2310837|2311743|2317261|2310581|2310955|2311519|2317251|2311052|2312825|2313195|2313445|2314664|2317990,19
uruguay,2330505|2331127|2331202|2331365|2331367|2331551|2331746|2330920|2331249|2331266|2331319|2331689|2331732|2331117|2331224|2331261|2331743|2331318|2331852,19
1337,2307277|2307402|2309877|2309922|2317958|2307273|2307595|2308570|2309709|2307403|2307795|2307950|2308465|2308889|2309454|2309907|2307843|2310142,18
21,2339815|2340226|2340232|2340299|2339763|2340027|2340312|2339818|2340010|2340035|2340322|2339990|2340006|2340008|2340025|2340037|2340301|2340428,18
anox,2302785|2303547|2303571|2304872|2303624|2304083|2304512|2306258|2302761|2303036|2304308|2304729|2303546|2303620|2304169|2304177|2304432|2306267,18
army,2323173|2325098|2328405|2324999|2325246|2325414|2325668|2327836|2322985|2322990|2323074|2323574|2323956|2324845|2324853|2327837|2324037|2324847,18
dendd,2303915|2300520|2301248|2301261|2301410|2308108|2301227|2302069|2303487|2308233|2300510|2301424|2304084|2308198|2308300|2308310|2308316|2300522,18
dreamchasers,2307989|2308334|2308361|2309012|2309133|2309134|2309763|2308362|2308778|2309794|2310005|2309142|2309795|2308332|2308777|2309018|2309741|2309994,18
h00liganz,2309899|2318705|2319114|2319420|2319794|2320119|2318744|2318844|2319788|2320639|2310228|2318861|2320742|2311394|2318977|2319646|2320121|2320401,18
paperplanes,2323616|2324589|2324756|2324836|2322317|2323713|2323872|2323891|2323892|2322924|2323586|2324008|2321897|2323618|2324096|2324270|2324705|2324785,18
prophecy,2312427|2314358|2315912|2315995|2317140|2317385|2312420|2312428|2315657|2315991|2316269|2312411|2312434|2312444|2313916|2315994|2316356|2316821,18
rejected,2329350|2338685|2324184|2329395|2329731|2329984|2330292|2339708|2328982|2329414|2324195|2324215|2329274|2329373|2334470|2334577|2334808|2339507,18
streamline,2320467|2320468|2320487|2320897|2321058|2321116|2321117|2322245|2322246|2323088|2321055|2322849|2323239|2320486|2320898|2321054|2322848|2323150,18
titan,2299112|2299337|2300276|2299102|2299246|2299742|2300296|2299077|2299121|2299161|2299260|2299261|2299343|2299646|2300244|2300494|2299621|2300532,18
under,2339815|2340226|2340232|2340299|2339763|2340027|2340312|2339818|2340010|2340035|2340322|2339990|2340006|2340008|2340025|2340037|2340301|2340428,18
vexilla,2307900|2308334|2308360|2308596|2308700|2308732|2308776|2308839|2307639|2307880|2307882|2307920|2307795|2307836|2307941|2308073|2307685|2307853,18
white,2306269|2303861|2304688|2305826|2300599|2300600|2300603|2300629|2301019|2303669|2305725|2306173|2309511|2300505|2300628|2306949|2300506|2300988,18
anti,2311487|2311841|2311843|2312093|2313178|2315267|2315486|2315553|2311597|2312691|2312661|2315829|2311662|2312334|2312781|2312815|2316054,17
apeks,2335842|2335883|2337307|2338998|2339169|2339369|2337292|2338884|2339913|2339335|2340171|2332623|2333610|2337939|2338822|2338827|2339332,17
bulls,2329544|2329800|2330187|2336367|2336374|2330195|2327730|2329612|2330084|2330088|2330112|2330142|2337907|2327838|2329029|2329519|2336933,17
dracarys,2334184|2334546|2334658|2336828|2338097|2334067|2334541|2335554|2336788|2337965|2334401|2334437|2334655|2337573|2334530|2335843|2338129,17
eco,2311487|2311841|2311843|2312093|2313178|2315267|2315486|2315553|2311597|2312691|2312661|2315829|2311662|2312334|2312781|2312815|2316054,17
era,2318073|2320093|2321101|2318858|2319324|2320700|2320744|2320823|2323378|2318845|2319113|2319332|2319789|2320116|2320870|2323105|2318705,17
evidence,2331854|2331904|2331986|2332917|2333506|2336831|2331437|2333249|2337608|2338439|2331971|2339570|2330676|2330747|2330859|2333935|2333984,17
fyb,2323910|2324743|2324365|2324739|2323490|2323916|2324309|2324371|2324707|2324913|2323377|2323438|2323553|2324070|2324275|2324435|2324989,17
goliath,2325501|2333677|2334772|2336357|2336631|2338118|2338280|2338285|2333622|2334766|2334845|2326682|2333632|2334887|2335284|2336601|2336628,17
grizzlys,2319327|2325877|2326977|2329046|2320010|2326020|2326828|2319657|2320637|2320882|2319333|2321064|2326745|2327419|2328442|2328481|2333799,17
hafnet,2313474|2315459|2318183|2318373|2314312|2317420|2318168|2313305|2313311|2314439|2314564|2314670|2315742|2317447|2312801|2317537|2318385,17
lab,2339878|2339950|2340246|2340302|2340308|2339986|2339992|2340018|2340269|2340427|2339882|2340020|2340228|2340268|2340275|2340008|2340388,17
synthetik,2309899|2312581|2312811|2312956|2311639|2312156|2312207|2312339|2309927|2311637|2311771|2311844|2312106|2312332|2312632|2312741|2312938,17
threats,2309172|2309362|2309476|2312458|2307026|2306140|2306325|2306720|2312459|2301749|2302123|2302202|2306156|2309006|2309874|2300990|2301311,17
torpedo,2302189|2302253|2301080|2301439|2301754|2301847|2302097|2302236|2301041|2301081|2301232|2301694|2301767|2302139|2301077|2301179|2301611,17
unity,2303653|2319171|2319233|2320762|2320819|2319624|2320023|2320254|2319168|2319231|2320925|2319625|2320021|2320022|2320299|2320417|2320682,17
astral,2330304|2331214|2331582|2330486|2330702|2332488|2332504|2330379|2330885|2331302|2331463|2331756|2301023|2330520|2330599|2331468,16
blue,2300590|2300596|2301103|2301785|2301811|2322538|2300628|2301284|2301484|2301570|2301816|2301228|2301409|2301590|2301516|2301804,16
brutality,2315373|2315892|2325641|2326475|2327098|2327103|2313248|2314087|2325655|2327836|2306851|2315371|2315368|2315906|2316650|2316659,16
damage,2303958|2304377|2304458|2310416|2310440|2303849|2304244|2313277|2303910|2304439|2310368|2303970|2304225|2309817|2310459|2318688,16
downfall,2324329|2324721|2333551|2324530|2333781|2333893|2334017|2334021|2333055|2333782|2333912|2324324|2324528|2333898|2333899|2333917,16
enso,2302271|2303546|2304981|2301417|2302138|2302443|2304982|2301511|2302137|2302371|2303010|2301038|2301777|2302046|2302110|2305049,16
foundation,2310546|2311397|2311657|2312333|2312958|2310831|2312592|2310545|2311655|2311851|2312102|2312108|2312661|2311903|2312779|2312946,16
hwml,2319791|2320462|2318844|2318976|2319425|2320118|2320404|2318708|2320208|2320637|2320744|2321247|2331919|2318857|2319117|2320284,16
jaguar,2311932|2311941|2312718|2312843|2331281|2311015|2312831|2325562|2327106|2331227|2334814|2334892|2310143|2312561|2331311|2331652,16
juggernauts,2338632|2338666|2338715|2338888|2339266|2338726|2338873|2339273|2339488|2339537|2339596|2338564|2338598|2338688|2338748|2338751,16
justice,2333235|2333434|2333783|2335328|2332986|2333032|2333324|2333911|2333436|2333914|2333927|2334010|2334797|2333686|2333917|2334834,16
limitless,2315496|2317485|2318731|2318159|2320445|2320617|2317487|2317492|2320437|2320441|2320448|2320603|2320609|2317490|2318817|2320450,16
max,2320853|2322337|2322613|2324682|2325459|2326699|2320613|2325464|2320849|2327217|2322601|2324726|2325463|2325514|2327210|2327226,16
nova,2310889|2316632|2316862|2316907|2310118|2316273|2316547|2316631|2331281|2332614|2317832|2309977|2310055|2310852|2310964|2316763,16
pnda,2311397|2311492|2311841|2312204|2312742|2313152|2311774|2312106|2312116|2312814|2304290|2311488|2312338|2312660|2312667|2312988,16
premier,2308407|2308578|2308402|2308588|2308615|2308845|2308972|2309444|2308617|2308627|2308352|2308452|2308563|2308625|2308782|2309065,16
rejects,2308407|2308578|2308402|2308588|2308615|2308845|2308972|2309444|2308617|2308627|2308352|2308452|2308563|2308625|2308782|2309065,16
supremacy,2308389|2308390|2308392|2308394|2308397|2308399|2309391|2339055|2340433|2308388|2308393|2308395|2308396|2340138|2308391|2308398,16
vws,2306267|2306401|2306483|2306863|2304459|2305940|2304530|2305577|2306243|2306601|2305565|2306137|2306252|2306583|2306618|2306626,16
yalla,2336603|2337871|2338186|2338281|2338283|2339928|2340135|2337431|2337818|2337859|2338284|2336574|2337698|2338236|2340124|2338200,16
51,2336284|2336474|2336801|2336885|2337069|2337336|2336883|2337032|2337523|2337731|2336804|2337707|2336470|2336757|2337072,15
arcy,2338479|2338597|2338189|2338351|2338165|2338217|2338312|2338501|2338777|2338786|2338861|2338865|2338348|2338485|2338564,15
avalanche,2324222|2325005|2325527|2321321|2324226|2325602|2325677|2322218|2325000|2325149|2325244|2325560|2325629|2325797|2325804,15
chrome,2308337|2309134|2308422|2308480|2310930|2308431|2308775|2308921|2309135|2310349|2310355|2308477|2308999|2309190|2310631,15
content,2330678|2331303|2331337|2331381|2330469|2330486|2331018|2331377|2331715|2330312|2330955|2332870|2330333|2330415|2330637,15
coscu,2323173|2325098|2324999|2325246|2325414|2325668|2322985|2322990|2323074|2323574|2323956|2324845|2324853|2324037|2324847,15
gunrunners,2328717|2329429|2329420|2329835|2329852|2327736|2328439|2329005|2329027|2329610|2329974|2330033|2329456|2330100|2330111,15
hysteria,2331274|2326162|2325212|2325905|2331087|2331488|2331530|2331574|2333997|2326019|2326122|2326172|2326180|2333995|2334166,15
influence,2330304|2331214|2331582|2330486|2330702|2332488|2332504|2330379|2330885|2331302|2331463|2331756|2330520|2330599|2331468,15
k29,2308676|2310877|2310984|2308566|2309052|2308465|2308565|2308669|2309808|2310223|2307948|2308045|2308894|2310004|2310965,15
lol123,2319419|2319649|2320357|2319798|2320098|2320131|2320567|2320676|2320705|2319287|2320133|2320570|2319158|2319160|2320168,15
mac,2336284|2336474|2336801|2336885|2337069|2337336|2336883|2337032|2337523|2337731|2336804|2337707|2336470|2336757|2337072,15
panda,2331418|2331913|2332040|2332067|2331880|2332037|2332039|2331940|2332056|2332059|2332530|2331664|2331936|2331939|2332017,15
pray,2308106|2310497|2310853|2310889|2311996|2308466|2308632|2309456|2308502|2308503|2312242|2308197|2308706|2309779|2311995,15
royals,2308338|2308361|2308700|2308920|2307786|2308001|2308004|2308019|2309000|2309214|2307856|2309135|2309192|2307672|2309101,15
rte,2311403|2311723|2311724|2314855|2314861|2314882|2315152|2313386|2314883|2311157|2311722|2315151|2315098|2315462|2335274,15
spray,2308106|2310497|2310853|2310889|2311996|2308466|2308632|2309456|2308502|2308503|2312242|2308197|2308706|2309779|2311995,15
universe,2317125|2323849|2334759|2335835|2338594|2315404|2318134|2318196|2334248|2329005|2337745|2329028|2334551|2334775|2337722,15
2kill,2302542|2302585|2302670|2302921|2303431|2302372|2302997|2302535|2302725|2302796|2302898|2303898|2309407|2302813,14
all,2331769|2332113|2333153|2332011|2332013|2333305|2331088|2332861|2331171|2331194|2331767|2332020|2332852|2333557,14
bajini,2322392|2322972|2323055|2322397|2323179|2322704|2322706|2323313|2323401|2324116|2322393|2323622|2323885|2323904,14
carnage,2320467|2320468|2320902|2320293|2321454|2320800|2320877|2320901|2321455|2331614|2331618|2320482|2320483|2320878,14
deathtrap,2302580|2302775|2302054|2302843|2301031|2301237|2301890|2302270|2302281|2302687|2301244|2301842|2301947|2302624,14
eox,2333803|2335344|2334479|2334822|2335144|2335012|2335133|2335332|2335347|2335349|2333937|2334702|2335335|2335570,14
esper,2339770|2339954|2339065|2339069|2339149|2339711|2339952|2340252|2339427|2339430|2339836|2339066|2339134|2339235,14
exile5,2303537|2306982|2303441|2303587|2306502|2306852|2307108|2305620|2305842|2303535|2305621|2306390|2306654|2306745,14
exploit,2337841|2337880|2338095|2336010|2337007|2337815|2337907|2337924|2338004|2338344|2338375|2336933|2337814|2338049,14
game,2303312|2333795|2334744|2301491|2333684|2333859|2302469|2334449|2337877|2302993|2305575|2333676|2333993|2335019,14
gen,2338928|2339358|2339365|2338793|2338905|2339902|2340176|2339367|2340339|2338796|2338925|2339039|2339041|2339360,14
ha,2322262|2323635|2323873|2325226|2319149|2322141|2318222|2321070|2322523|2322879|2325183|2314212|2321284|2322966,14
ignite,2326080|2326582|2322236|2326070|2326076|2326083|2327312|2327886|2326550|2326579|2327441|2327890|2328065|2329533,14
infused,2312427|2317140|2312410|2312423|2312429|2316272|2316357|2316822|2312417|2312432|2315656|2315667|2315911|2317384,14
innova,2302376|2302542|2302584|2302897|2303085|2304667|2302666|2302796|2302948|2302963|2303839|2304479|2302293|2302871,14
kon,2321950|2321950|2304800|2304800|2311506|2311506|2311830|2311830|2302533|2302533|2304822|2304822|2309020|2309020,14
masse,2322262|2323635|2323873|2325226|2319149|2322141|2318222|2321070|2322523|2322879|2325183|2314212|2321284|2322966,14
norse,2306625|2307806|2308886|2309300|2309723|2306582|2307709|2307811|2308630|2307619|2307807|2307300|2307620|2309292,14
odense,2314584|2314614|2316010|2316215|2318576|2318643|2320196|2320696|2316214|2320281|2314606|2314626|2320663|2316253,14
orange,2308803|2305711|2306561|2314136|2306549|2306554|2306556|2308795|2308811|2306270|2306272|2306545|2308807|2314895,14
pacemaker,2304372|2303634|2304351|2305747|2305754|2305834|2306023|2306070|2306158|2306201|2305776|2303701|2303702|2304370,14
puleni,2322393|2323622|2323885|2323904|2322392|2322972|2323055|2322397|2323179|2322704|2322706|2323313|2323401|2324116,14
skitlite,2311732|2312466|2312492|2323860|2324544|2308434|2311603|2311551|2312013|2312231|2324815|2308418|2312006|2312486,14
street,2316010|2316213|2317514|2318573|2318590|2318629|2319813|2309673|2316009|2316011|2339281|2339479|2309583|2317393,14
tomorrow,2316229|2324004|2324169|2330686|2316239|2330465|2331159|2324007|2330600|2330656|2331173|2323971|2324139|2330536,14
win,2324547|2324779|2330325|2330591|2324878|2330385|2330586|2330597|2330732|2330764|2330323|2324275|2324737|2330774,14
xforce,2323896|2324021|2324065|2324141|2324709|2324264|2324316|2324902|2324740|2323548|2323752|2323824|2324788|2324901,14
zooweemama,2336647|2336659|2337173|2336223|2336488|2336491|2337005|2337347|2337593|2336239|2336841|2337017|2337423|2337444,14
akopalipsa,2331544|2331642|2332224|2332265|2332313|2331316|2332416|2332950|2331289|2331374|2332321|2332414|2332801,13
alma,2338695|2338705|2338100|2339140|2339147|2339604|2338168|2338678|2338706|2338912|2339145|2339475|2339224,13
andes,2322026|2325005|2325437|2323175|2323664|2325364|2325414|2325527|2322888|2323347|2323808|2325538|2322934,13
arena,2330195|2327730|2330084|2330088|2330112|2330142|2327838|2329029|2329519|2329544|2330187|2336367|2336374,13
catman,2335879|2336690|2337045|2337047|2339938|2340140|2336691|2336693|2336840|2336841|2337048|2335956|2337040,13
danes,2322866|2322978|2327901|2322059|2322865|2321938|2322058|2323049|2327424|2327441|2322237|2327891|2327977,13
emc,2304797|2306874|2318157|2318502|2318510|2303906|2305129|2318521|2305269|2318494|2318505|2324440|2305173,13
enzo,2306561|2307394|2337822|2305269|2306054|2306538|2306534|2306555|2307340|2307372|2307387|2337870|2306542,13
eternal,2315105|2315108|2315370|2315373|2313554|2313591|2314087|2315369|2313546|2315107|2316649|2316650|2316659,13
evilvice,2325364|2325528|2325668|2328746|2317260|2325538|2328053|2328758|2317845|2326220|2326229|2328047|2328060,13
falkol,2334001|2338101|2338115|2338229|2337289|2338100|2338208|2338678|2338706|2333937|2333988|2338180|2338696,13
gametv,2318498|2318721|2321802|2318500|2318723|2316411|2318492|2318716|2318726|2320227|2316415|2316435|2321702,13
gbots,2301026|2301981|2302040|2316949|2300887|2302039|2301212|2301431|2301432|2301919|2317785|2300882|2300910,13
global,2335401|2336768|2336775|2336785|2337933|2338206|2338272|2339867|2336451|2336767|2337935|2336364|2339873,13
great,2322059|2322865|2321938|2322058|2323049|2327424|2327441|2322237|2327891|2327977|2322866|2322978|2327901,13
london,2332134|2332426|2332448|2332471|2330164|2332238|2332430|2332444|2333018|2333024|2329463|2332109|2332802,13
opaa,2312517|2313785|2309638|2313251|2314218|2312518|2312539|2313836|2314221|2312540|2313170|2313257|2314222,13
revoltz,2325798|2326042|2324038|2325633|2326140|2326179|2324036|2324037|2325558|2325560|2325832|2326170|2326232,13
sabertooth,2305125|2305440|2305448|2308800|2308828|2308810|2305707|2306505|2308796|2308816|2308833|2306509|2308822,13
smazing,2308211|2308400|2308404|2308025|2308207|2308574|2308767|2308936|2307833|2307878|2308579|2308763|2308930,13
wg,2314855|2314884|2315375|2315651|2315682|2314886|2315103|2315120|2315718|2315379|2314854|2314856|2314858,13
zdm,2310426|2310173|2310258|2310478|2310079|2310081|2310158|2310235|2310389|2309871|2310257|2310462|2310463,13
2990,2329108|2337194|2338330|2337220|2331883|2331931|2332518|2327968|2329101|2331916|2331933|2336834,12
adwokacik,2335802|2336210|2336212|2336550|2336564|2336499|2336517|2336573|2335893|2335949|2336168|2336555,12
ambition,2307847|2315263|2315357|2316212|2307845|2315482|2315548|2315873|2316338|2315872|2315561|2316110,12
enter,2312156|2321469|2312662|2312669|2312760|2312989|2321166|2312103|2312335|2311814|2311843|2312343,12
faint,2338457|2338509|2338179|2338277|2338435|2339278|2339341|2337860|2338140|2339483|2337985|2339181,12
fge,2312041|2312110|2312119|2312666|2311597|2312742|2312964|2311637|2312104|2312782|2312342|2312962,12
imba,2327218|2329154|2330114|2322950|2327209|2329098|2330129|2331198|2322917|2330135|2327226|2329152,12
k23,2306550|2306560|2307385|2307395|2304944|2306546|2306554|2306557|2306564|2307454|2307347|2307372,12
main,2316010|2316213|2317514|2318573|2318590|2318629|2319813|2309673|2316009|2316011|2309583|2317393,12
maxisaucisse,2308840|2310612|2311589|2323657|2311848|2324481|2308841|2310605|2310181|2310183|2311588|2311592,12
merciless,2312141|2312982|2312983|2311653|2312987|2315455|2312052|2312974|2312986|2311120|2311373|2315422,12
nyyrikki,2316438|2316651|2321472|2321515|2321604|2316646|2317096|2317311|2321774|2325175|2325230|2320301,12
og,2338819|2339107|2339108|2339160|2339109|2339911|2339105|2339152|2340163|2340183|2338826|2339157,12
resolute,2324779|2324311|2324545|2325428|2325411|2325421|2325878|2324143|2324738|2324819|2324820|2324915,12
revolte,2306896|2306489|2306490|2306689|2306897|2306399|2306400|2306693|2306694|2306815|2306402|2306814,12
squirtle,2323721|2323753|2323100|2323340|2323735|2323914|2323554|2323738|2323343|2323826|2324019|2324140,12
veritasaequitas,2308035|2307919|2308314|2308702|2309019|2309214|2308073|2308204|2308386|2309178|2308597|2309194,12
will,2324547|2324779|2330686|2324878|2330465|2331159|2330600|2330656|2331173|2324275|2324737|2330536,12
without,2302141|2302152|2302167|2323369|2302153|2302161|2302574|2323420|2302050|2322070|2318840|2323397,12
wolf,2318254|2318717|2318274|2318357|2318439|2318724|2318352|2318426|2318436|2318722|2317880|2318460,12
2ez,2321274|2327103|2327835|2328405|2325655|2325658|2327104|2330531|2328642|2321278|2327101,11
5frags,2304981|2305134|2305158|2305454|2306861|2318025|2305446|2305535|2309907|2304964|2307507,11
aimclub,2302417|2302369|2302605|2302851|2302853|2301890|2301925|2301948|2302197|2302492|2302906,11
aligon,2302271|2301080|2301082|2302138|2312566|2302109|2302444|2312568|2301302|2302199|2301078,11
armada,2322331|2324151|2321784|2321941|2322385|2322659|2324162|2324191|2321566|2321729|2321809,11
atlants,2323103|2327434|2329228|2323368|2325855|2327078|2330656|2327075|2327193|2328397|2329243,11
brewtopia,2306942|2307117|2306695|2306738|2306965|2307050|2306696|2306739|2306816|2306817|2307153,11
budapest,2334441|2334476|2335836|2332823|2335455|2335903|2310792|2310825|2335169|2336343|2335889,11
clutch,2323572|2323912|2323489|2323827|2324778|2324559|2323343|2323552|2324070|2324736|2324788,11
conquest,2299172|2299207|2299401|2299800|2299149|2299173|2299179|2299833|2300093|2299243|2299257,11
darkhorse,2336836|2337480|2337482|2338834|2338843|2336824|2337563|2337547|2337474|2338396|2338839,11
default,2303286|2338353|2300898|2302040|2323609|2323947|2325668|2299392|2301816|2315711|2300787,11
dinq,2333319|2333550|2333555|2333891|2332934|2333325|2334009|2334011|2333686|2334018|2334024,11
enemy,2299299|2300340|2299374|2299365|2300266|2299297|2299301|2299384|2300326|2300347|2300349,11
instinct,2306101|2333173|2304098|2333167|2304909|2305106|2304906|2305197|2306186|2306192|2338002,11
leftout,2324597|2324540|2329420|2324490|2324593|2328604|2328610|2324287|2324462|2324502|2329019,11
magistra,2304852|2304859|2306034|2304997|2306062|2314627|2306050|2307180|2307229|2314612|2307231,11
mazaalai,2336838|2337233|2338807|2337220|2338397|2336483|2338801|2336477|2336795|2336834|2338399,11
more,2319331|2336217|2336375|2319326|2335887|2319656|2319795|2319321|2319792|2336093|2336371,11
obey,2301946|2301970|2301234|2301830|2301940|2300343|2300959|2301434|2301700|2301791|2301939,11
orion,2317741|2315530|2317351|2317423|2317581|2315585|2315923|2317541|2317602|2314645|2317202,11
pits,2325143|2325608|2325798|2326044|2326214|2326231|2326538|2325860|2325001|2325832|2325983,11
pixel,2301889|2302415|2320129|2320196|2302054|2302268|2302402|2301948|2302606|2317889|2319078,11
players,2302661|2302682|2302719|2302750|2302849|2314240|2314242|2314249|2315043|2302683|2314247,11
publiclir,2301091|2301687|2301212|2301227|2301333|2301707|2301723|2301751|2301761|2301738|2301264,11
se,2301091|2301687|2301212|2301227|2301333|2301707|2301723|2301751|2301761|2301738|2301264,11
sinisters,2334966|2335690|2335748|2335854|2337002|2332861|2334470|2334564|2334897|2335743|2337086,11
solutions,2323572|2323912|2323489|2323827|2324778|2324559|2323343|2323552|2324070|2324736|2324788,11
vitriol,2307998|2308675|2308784|2307839|2308025|2307873|2308200|2308363|2308214|2308408|2308593,11
xcn,2321723|2318691|2327421|2327871|2321926|2322244|2327861|2320980|2321375|2324448|2327543,11
yetti,2311701|2306645|2306980|2311697|2305575|2305668|2306522|2306968|2309965|2311708|2312521,11
zone,2332553|2332096|2332222|2331106|2331489|2331529|2331627|2331579|2331859|2332144|2332554,11
aerowolf,2315609|2313523|2314856|2314857|2315903|2313623|2314860|2315682|2315706|2315778,10
brave,2303932|2305185|2305186|2304457|2305183|2305228|2304325|2304323|2304367|2305296,10
buckets,2336523|2336245|2337046|2337181|2337420|2336672|2337044|2337443|2337048|2337231,10
business,2308591|2308785|2307875|2308356|2307864|2307995|2308196|2308015|2308593|2308935,10
caladrius,2330854|2331036|2330521|2331298|2330376|2330457|2332480|2330449|2330637|2331013,10
comanche,2304086|2304180|2304963|2313475|2304982|2313233|2313553|2303880|2304964|2313165,10
detonator,2313393|2303885|2301180|2302123|2306797|2305660|2305763|2305765|2314148|2314878,10
dobry,2302723|2302908|2302685|2302744|2302781|2302946|2302708|2302902|2302951|2302905,10
down,2311611|2311776|2312120|2311766|2312340|2312592|2312668|2312103|2312338|2312833,10
forge,2317057|2326100|2326089|2326108|2326431|2326661|2325505|2326036|2326094|2326114,10
jijiehao,2336400|2336546|2336571|2339933|2336203|2336227|2336532|2336389|2340146|2340190,10
jordan,2329079|2329422|2330302|2332721|2329932|2326664|2327888|2327890|2328782|2328870,10
kaliber,2303463|2303876|2302170|2302690|2303834|2303614|2302176|2302693|2302870|2303837,10
nada,2318887|2319424|2319794|2320195|2318748|2319425|2318735|2318843|2319789|2320564,10
nitrious,2315771|2316302|2315328|2315543|2315949|2316101|2315398|2315592|2315561|2316157,10
onestop,2304100|2304101|2304723|2304882|2304345|2304881|2304344|2304450|2304722|2304449,10
overpowered,2304958|2306148|2306859|2306865|2306987|2306992|2307117|2306308|2306313|2306687,10
progaming,2304249|2307840|2307859|2308526|2311119|2309434|2310321|2306647|2304323|2307176,10
remo,2303932|2305185|2305186|2304457|2305183|2305228|2304325|2304323|2304367|2305296,10
settodestroyx,2307630|2316994|2307812|2307848|2307875|2307955|2316854|2317101|2308012|2314939,10
sg,2338700|2338732|2339219|2339299|2338710|2338734|2340061|2339534|2339921|2338740,10
shift,2334397|2334486|2335064|2339231|2336821|2337221|2337232|2334363|2336795|2339346,10
sinister5,2333630|2336631|2338118|2333631|2322113|2338237|2334846|2334887|2336356|2336601,10
sinners,2324233|2339447|2339536|2339206|2339488|2339511|2324118|2324827|2339202|2339454,10
strictly,2308591|2308785|2307875|2308356|2307864|2307995|2308196|2308015|2308593|2308935,10
tenemos,2318887|2319424|2319794|2320195|2318748|2319425|2318735|2318843|2319789|2320564,10
wings,2339867|2307274|2311157|2312799|2301831|2301881|2301923|2312673|2312970|2339873,10
yp,2301051|2301218|2301569|2301044|2301224|2301243|2301648|2301758|2301735|2301590,10
zoctai,2312820|2312917|2311986|2312564|2311347|2312233|2312568|2311323|2311990|2312322,10
1up,2323540|2323812|2324329|2324524|2324527|2323415|2323813|2324323|2323903,9
ahq,2337487|2338525|2337513|2338520|2337494|2337501|2337505|2338515|2338534,9
aimers,2339462|2339468|2339563|2339579|2339611|2339208|2339844|2309959|2339482,9
boxr,2323739|2324155|2324160|2324209|2324188|2323719|2323732|2324105|2324238,9
broken,2313763|2314141|2314190|2310769|2314133|2314196|2310777|2310706|2315944,9
buaksib,2335248|2335255|2335290|2335379|2335292|2335323|2335409|2334779|2335221,9
carbon,2303860|2303958|2303967|2304437|2304475|2304028|2304397|2303910|2306889,9
do,2329621|2329395|2329184|2329349|2329789|2331855|2329358|2335696|2336650,9
el,2323443|2323472|2335424|2339917|2323363|2317693|2335201|2340056|2323505,9
eyesports,2305097|2306260|2305108|2305409|2305411|2305049|2306245|2306266|2306600,9
fish123,2325403|2326095|2326143|2326113|2326087|2326102|2326108|2326145|2326150,9
front,2332927|2334450|2334828|2335018|2333204|2332736|2333081|2333084|2333265,9
hg,2301866|2305786|2301831|2301854|2301953|2302232|2303703|2305626|2305779,9
impossible,2311575|2312824|2311058|2311382|2311578|2311383|2311381|2311384|2311580,9
ipet,2332033|2334049|2331879|2332039|2332795|2331936|2332017|2334036|2334050,9
laze,2337500|2337506|2337869|2336822|2337487|2337819|2336626|2337495|2337511,9
locastic,2314952|2315274|2316890|2315784|2316065|2316347|2316747|2329687|2315577,9
maknitude,2338257|2333742|2334221|2334263|2334140|2334149|2333789|2333791|2334159,9
matches,2330325|2330591|2330385|2330586|2330597|2330732|2330764|2330323|2330774,9
mdl,2338602|2323489|2323914|2338630|2323355|2323556|2323436|2323828|2338623,9
platinium,2301784|2301788|2309288|2301303|2301547|2301811|2301284|2300988|2301018,9
pr,2333795|2334744|2333684|2333859|2334449|2337877|2333676|2333993|2335019,9
quvet,2323443|2323472|2335424|2339917|2323363|2317693|2335201|2340056|2323505,9
rufus,2338115|2338208|2338230|2338234|2337554|2338168|2338552|2335570|2338180,9
salamander,2332136|2332326|2336145|2332823|2334102|2336343|2337278|2334099|2335832,9
scrims,2330325|2330591|2330385|2330586|2330597|2330732|2330764|2330323|2330774,9
slashlevel,2332474|2332877|2333094|2332096|2332216|2332422|2332452|2332923|2333205,9
spotnet,2309959|2309963|2309971|2315344|2315345|2316866|2311179|2317203|2311183,9
teamasd,2314441|2310850|2312292|2313023|2317156|2310965|2312436|2312497|2315000,9
tiger,2322615|2322825|2322595|2323016|2322916|2322952|2322959|2322336|2322601,9
tigers,2334138|2321084|2321148|2321151|2334248|2321153|2337084|2321081|2321086,9
warthox,2334184|2334249|2334997|2335001|2334401|2334958|2336141|2334066|2336100,9
zonic,2316346|2316890|2316065|2317580|2315589|2316717|2315276|2315785|2317436,9
7642,2311160|2311180|2311186|2311618|2312218|2312219|2311202|2311205,8
andy,2330094|2330389|2330392|2330924|2330926|2330611|2330794|2331010,8
aperture,2304377|2304458|2304475|2309510|2304397|2309880|2303907|2301500,8
asuna,2339482|2339462|2339468|2339563|2339579|2339611|2339208|2339844,8
bankers,2304669|2306305|2306502|2304691|2304693|2306699|2306247|2307221,8
begenius,2302942|2302929|2303618|2304906|2303173|2303284|2303481|2303578,8
bull,2325723|2325438|2326536|2326619|2325629|2325675|2326255|2326671,8
dizlown,2321896|2318776|2321772|2322317|2322547|2322652|2318786|2322871,8
en9my,2312985|2313791|2318291|2312977|2312980|2312984|2315071|2315290,8
fragging,2330094|2330389|2330392|2330924|2330926|2330611|2330794|2331010,8
frosty,2330388|2330733|2330739|2330867|2330931|2330742|2330925|2331111,8
fruits,2304082|2305477|2303759|2303783|2303788|2304050|2304069|2304169,8
gamepub,2331005|2331104|2304491|2304493|2304395|2305276|2331006|2331547,8
grid,2330495|2331582|2331534|2330886|2330679|2330954|2331013|2331216,8
grinny,2306502|2304691|2304693|2306699|2306247|2307221|2304669|2306305,8
gtv,2337467|2337823|2337874|2336821|2337465|2337471|2338850|2338846,8
hype,2306309|2305932|2307623|2306002|2306313|2305629|2305953|2307069,8
idm,2307859|2308526|2308635|2304251|2307841|2309472|2307801|2309180,8
inchk1ng,2302237|2301309|2302133|2301337|2302112|2302229|2302264|2302206,8
lads,2327060|2334911|2335049|2335112|2334870|2335090|2337865|2326832,8
lowkey,2331873|2333645|2333794|2334161|2333682|2334968|2334969|2334434,8
lowlandlions,2302936|2303620|2304400|2303092|2303191|2303165|2303291|2303340,8
majestic,2318135|2327084|2327184|2327392|2318197|2326348|2326719|2327268,8
majesty,2338446|2330080|2332267|2334209|2332316|2332876|2338144|2338393,8
melbet,2338011|2338476|2338483|2338012|2338072|2338094|2338824|2339008,8
renascence,2310002|2310071|2310815|2309223|2310123|2310127|2310500|2309174,8
rider,2328641|2329108|2329100|2331884|2329103|2329110|2329173|2331917,8
ripple,2315274|2316345|2316600|2314890|2315589|2316299|2316064|2316889,8
shooting,2314066|2315106|2315367|2315369|2315371|2315372|2315895|2316655,8
stay,2330388|2330733|2330739|2330867|2330931|2330742|2330925|2331111,8
tribe,2335263|2334150|2335211|2335422|2334149|2335338|2334782|2335453,8
ukraine,2317463|2317559|2315269|2317461|2317593|2317455|2317597|2315279,8
vindicta,2329111|2328766|2329117|2329876|2329119|2329122|2329872|2329936,8
volgare,2313513|2314562|2314695|2331702|2314321|2331289|2331332|2331999,8
wnv,2314599|2314602|2334049|2314948|2314982|2314471|2314899|2315242,8
2019,2329427|2329455|2329431|2331730|2329388|2329401|2329366,7
above,2309312|2309479|2309360|2310085|2309909|2306147|2309537,7
aoes,2334486|2334518|2333314|2333462|2333469|2334363|2334481,7
ardeont,2318823|2318091|2317375|2318450|2318829|2318451|2318831,7
arkangel,2325576|2324935|2326447|2335065|2325572|2322792|2328675,7
attackieren,2327183|2321114|2322126|2321656|2321889|2327084|2327732,7
better,2330686|2330465|2331159|2330600|2330656|2331173|2330536,7
box,2328830|2328340|2328911|2328631|2328338|2328363|2328903,7
brasil,2316963|2316233|2317848|2318288|2324225|2317551|2324229,7
bravos,2339142|2339564|2339600|2339609|2339144|2339239|2339470,7
candy,2318586|2339256|2318588|2339080|2339088|2339134|2339426,7
caz,2302934|2310349|2307024|2305944|2307054|2310399|2313369,7
chosen5,2329900|2304238|2304244|2304265|2305858|2329877|2304257,7
exdee,2309510|2310437|2333626|2310366|2310414|2333619|2334767,7
explosive,2300420|2301512|2301808|2301217|2301238|2301780|2300434,7
ezg,2312584|2313045|2313025|2313078|2313071|2300326|2300337,7
fighting,2334796|2331946|2332252|2334835|2331795|2333460|2334394,7
fmesports,2301240|2301347|2309233|2306892|2307053|2301265|2307054,7
g2v,2310400|2312511|2310817|2311961|2312513|2310630|2312145,7
glassysky,2308803|2308820|2308808|2308830|2308960|2308816|2308797,7
glockoma,2321565|2321165|2321705|2322329|2325652|2321785|2325984,7
hexagone,2324444|2323963|2317726|2317753|2317784|2318140|2324644,7
house,2317551|2324229|2316963|2316233|2317848|2318288|2324225,7
ikarus,2337486|2337491|2337498|2326275|2339739|2337504|2337509,7
imperio,2301980|2302679|2301432|2301496|2301916|2301351|2301473,7
keymotion,2312915|2313308|2317147|2313786|2313447|2314316|2315071,7
kungar,2311968|2311032|2311850|2311292|2311293|2311294|2311295,7
levitate,2323545|2323912|2324142|2323434|2323819|2323916|2324016,7
memyself,2302964|2303173|2313260|2302928|2313597|2322995|2323037,7
mfc,2323961|2324746|2322955|2324680|2322952|2324673|2322960,7
most,2320462|2321163|2320463|2320880|2321199|2321222|2321809,7
multimedia,2301980|2302679|2301432|2301496|2301916|2301351|2301473,7
nature,2306978|2305980|2305328|2305984|2305992|2305993|2306027,7
netland,2310361|2310698|2310828|2306942|2310586|2306966|2310584,7
node,2311718|2311780|2311975|2312514|2312274|2311976|2312665,7
noksukao,2303994|2304081|2303708|2303704|2303709|2303881|2304739,7
oneway,2335253|2335261|2335842|2335290|2335217|2335280|2335254,7
outside,2328338|2328363|2328903|2328830|2328340|2328911|2328631,7
pagode,2329621|2329395|2329184|2329349|2329789|2331855|2329358,7
rbg,2336005|2339460|2339560|2335977|2336069|2338768|2339280,7
rest,2309312|2309479|2309360|2310085|2309909|2306147|2309537,7
roof,2302141|2302152|2302167|2302153|2302161|2302574|2302050,7
step,2333737|2334506|2334141|2336476|2332997|2334201|2333789,7
stifmeister,2318969|2318701|2318790|2318852|2318873|2319228|2319237,7
supermassive,2301889|2301958|2302416|2302494|2302255|2302217|2301925,7
think,2328338|2328363|2328903|2328830|2328340|2328911|2328631,7
toxic,2317095|2317153|2317757|2317091|2317702|2318109|2318136,7
turma,2329621|2329395|2329184|2329349|2329789|2331855|2329358,7
v0rtex,2306269|2303668|2306698|2305661|2305893|2305899|2303543,7
velox,2307996|2308137|2308210|2307824|2307839|2308016|2307874,7
wanted,2320462|2321163|2320463|2320880|2321199|2321222|2321809,7
wizards,2304390|2307589|2304361|2304996|2307513|2307631|2305002,7
